Model,Classification Accuracy,Regression MSE,Parameters,Inference Time (ms),Reasoning Steps
Weight-of-Thought,0.8658049845257266,1.2016173522994615,2048000,45.074233509808494,4
Chain-of-Thought,0.8418947475712069,1.3999851826273313,175000000000,1946.88605713517,5
Neural Theorem Prover,0.846598855722452,1.4697785305572484,500000,120.09914895923876,2
DQN Reasoner,0.7981721223875586,1.6778708567739662,1000000,153.3867109166493,3
