Task Type,Accuracy,Precision,Recall,F1 Score,Inference Time (ms),MSE,RMSE,R² Score
syllogism,0.8899632095077891,0.9300751245781537,0.9106098168118733,0.9202395475390958,45.887926357773324,,,
math_sequence,,,,,41.90395068302582,1.1786475673772987,1.085655363076745,0.8821352432622701
algebra,,,,,48.29558531197441,1.1923033075711915,1.091926420401664,0.8807696692428808
combinatorics,,,,,46.872653200164414,1.2339011819498948,1.1108110469156736,0.8766098818050105
geometry,0.8416467595436642,0.8811965699786426,0.8696266866800455,0.8753733999704751,42.41105199610449,,,
